<?xml version="1.0" encoding="UTF-8"?>

<catalog>
    <book>
        <title>The Great Gatsby</title>
        <author>F. Scott Fitzgerald</author>
        <genre>Classic</genre>
        <publication_year>1925</publication_year>
        <isbn>978-0-7432-7356-5</isbn>
    </book>

    <book>
        <title>To Kill a Mockingbird</title>
        <author>Harper Lee</author>
        <genre>Fiction</genre>
        <publication_year>1960</publication_year>
        <isbn>978-0-06-112008-4</isbn>
    </book>

    <book>
        <title>Harry Potter and the Sorcerer's Stone</title>
        <author>J.K. Rowling</author>
        <genre>Fantasy</genre>
        <publication_year>1997</publication_year>
        <isbn>978-0-7475-3269-6</isbn>
    </book>
    <link rel="html" href="lab11.html"/>
</catalog>
